state_id,scenario_id,agent_id,step,query_index,allocation,topic,credibility_tier,exposure_bin,step_bin,template_cell,source_row_sha256,archived_full_prompt_sha256,source_jsonl_line,feature_n_exposures,feature_sum_tie_strength,feature_max_tie_strength,feature_same_major_exposers,feature_same_club_exposers,feature_source_diversity,feature_n_endorse,feature_n_neutral,feature_n_doubt,feature_step,feature_urgency,feature_credibility,feature_controversy,feature_socialness,feature_trust,feature_topic_interest,feature_year,feature_topic,feature_mechanism,feature_scaffold_id
50c1428a0b35ee52781632ad8cf03174bbfbf1e2e041627c4f810477d8912f95,scenario_000,42,1,1,confirmatory,gossip,high,1,1,gossip|high,00a95976792bd4cbe06d8716847d21e067f9a23d1a4b04e2cce9d9f533a0df6a,f6a2de3551b5044210fa78da742da53a64b0d193067d3c0f265b3924e09a2369,8,1,0.42888875543795874,0.42888875543795874,0,0,1,0,1,0,1,0.76,0.82,0.35,0.947725548310987,0.37390361017922064,0.048049714027799735,3,gossip,cc,0
97cbf4bb4a3da2dc42a10531fa40799fd88444abf3e9aad584a5949e734670c8,scenario_002,3,2,2,confirmatory,gossip,low,2,2,gossip|low,68ca42b607c9455ced48244b4b8d6f1e19c6c1ae04c81eaba8578e3e9708128f,4292f18101ce284511cb48d5a7c59f3020e435647c8272d185d42a449f152913,106,2,0.8273066354167156,0.5777219489678609,0,0,1,0,1,1,2,0.45,0.25,0.45,0.7434836598948983,0.5673241825467877,0.2896868284340941,2,gossip,lt,0
838e1dfb2ac3c408060e3611ce0154b96c08eb078d96e09a5b1017d764de8a6f,scenario_003,2,3,2,confirmatory,club_event,low,2,3+,club_event|low,0114b54b1e917c08581d107e588fa6e22aa3da2ab0b7f1a3ded5ff42c808bcb1,418f03be3261294f902c97af362a44d2de2d156093994a5a072f95c14249c713,147,2,0.688342964663553,0.3446041399884454,1,0,2,2,0,0,3,0.45,0.25,0.45,0.05862362193989469,0.6138188491542719,0.6171174762981683,2,club_event,lt,0
8b1cce4562e01a87144b8c137a85350027bc00d29055f4df1e0e6d811a4addfc,scenario_004,19,3,2,confirmatory,internship,high,3+,3+,internship|high,20c8cb6b19d0fe7056e634c1be83c9617f4a9e2a9e1defcd6eef493ba37b69f3,d3a92f074f074e3fe701225a9a7d863dfca99b6cf452b0f67e01267b5cb58dfe,204,6,1.8064039745899034,0.6867986921373994,1,2,4,5,1,0,3,0.76,0.82,0.35,0.4124969675720699,0.5555431643862151,0.9299516766654918,1,internship,ic,0
81446954071d0c424c131f815b34d929b75faa5e90ac50e7455f9c7ea4620e46,scenario_006,22,4,1,confirmatory,course_material,high,1,3+,course_material|high,9451b22995e734eb62d88df7bfd4ed3836834f0d9ef97a807c6efdc035e45412,5296012263456f03887145369299682ab3640786b2e00db8555552baf1b45db2,341,1,0.6933076113987822,0.6933076113987822,0,0,1,0,1,0,4,0.76,0.82,0.35,0.6171536992004725,0.5982641932922756,0.7683170068831668,2,course_material,lt,0
5fc613ffdc04c7d00f64ccc7eab2a69c4cbcac761465de949e0374bbf5a65529,scenario_007,15,2,1,confirmatory,internship,mid,1,2,internship|mid,77d26912ffea92e4ff730797a0e2de314c44bee72ce85b9979f463c248d4ddde,759cc130beb065c70075ee6cfaa80be0b869d95e7dd339c0f06f37b7caa321e0,377,1,0.5523562710349503,0.5523562710349503,0,0,1,0,0,1,2,0.58,0.55,0.4,0.24220151894510766,0.7541105025507309,0.66127170630355,4,internship,cc,0
04249013018458c785a616935688a882ede54b1a3ba7bbf533efe9b988d00d1b,scenario_008,13,3,1,confirmatory,club_event,low,1,3+,club_event|low,a6516a5b0da5294fa0b0e0c866e44b8556d5b5e75ea6c59ba17fe704afaee09f,839357fe47d5631ec4d2f760dc39a543cf9ef5d861f7b98de8d6fcf5be2272b1,436,1,0.5976198025533825,0.5976198025533825,1,0,2,0,1,0,3,0.45,0.25,0.45,0.5758541721894923,0.8674911697126937,0.7923948654201789,4,club_event,cc,0
8465a3fe76682dd4ec1c76674df3abbd79f06e4d8af56ad8e929ea0e0ab70ee5,scenario_009,27,3,1,confirmatory,gossip,high,1,3+,gossip|high,cd8a11724fd03a01ef7ceb48ccd052baf3cdeac8574a2912dbe948afd775701b,7aa446e78fd49ea25189ffa6fc74926b3a918ca6cd3c529f0a087a97f293cc65,488,1,0.6101542597463157,0.6101542597463157,0,0,2,0,1,0,3,0.76,0.82,0.35,0.33470626873263803,0.371743592916219,0.45343539366753616,4,gossip,ic,0
9422b925222b010b7edc95634ea1a1b44adb61e4d005db4765fd237e939c0c0c,scenario_010,19,3,2,confirmatory,club_event,mid,2,3+,club_event|mid,8fee18e9ed5c101d932ab8df9f711d2d338bb925f348a58eecdb2191ba7c7d7a,b42845a350ab10e4d3a31b5e2818643cd2618a2387ecc7e1cbff22d895833ab6,535,2,0.5951707291585623,0.4388463090203864,0,0,2,0,2,0,3,0.58,0.55,0.4,0.47464433582357524,0.4703381803864399,0.45537583157792255,3,club_event,ic,0
5cefcc37526d8506828d76a1110e15ee384309eb0b5c09959e47b0392791b0d3,scenario_012,38,2,2,confirmatory,club_event,mid,2,2,club_event|mid,3801e90d341940ca807ab84968774d26a3984f5bb3bd0b7c20791a4b0940612c,dd3bd8ac7b784303701666a1b4162549f33d124f2ff5b23091d82617d06571f2,625,2,1.0098390888575612,0.6285461304393345,2,0,2,1,0,1,2,0.58,0.55,0.4,0.5660288202044322,0.6398451148535347,0.44931427599773877,4,club_event,ic,0
4da99fb46870a6839480a78a33192ecd05d09cbeeda68ae84fad15a5cab8f6cc,scenario_014,48,2,1,confirmatory,internship,high,1,2,internship|high,2b7aa2bea11b3c2a0e291376bc80beb85fa539e05aea87b9d25b0411db0990da,67f716951ebf5a87048dbf17608058b33451f97be15200782e13350a1e9c2fc2,735,1,0.10039660630342026,0.10039660630342026,0,0,1,0,1,0,2,0.76,0.82,0.35,0.18849768132350786,0.6889934401144474,0.6736253044316984,4,internship,lt,0
aa210bb48e8968f7f9d37ec52f59027efa2b81823ac6bfb38a5cf5fa6635bdcd,scenario_015,42,3,2,confirmatory,course_material,high,2,3+,course_material|high,af5889d215b674a842a5929eebbbc6f87dc1e140bbf76b1d7645a9ffbbd6ab9b,6af529da3120676bbfed1944417e7a121f0ec8a4999541eac8f16bd1383b2bf1,828,2,0.9839862197439777,0.505256817004524,0,0,2,1,1,0,3,0.76,0.82,0.35,0.30568684151202613,0.6166445919768601,0.7273578491695751,4,course_material,ic,0
28c7f03571b5de0f3e1fed14d1cb4301facdc541775a71192a8ba2db2c7e0c31,scenario_017,48,1,1,confirmatory,club_event,low,1,1,club_event|low,f1d4a6f2590ff97d8d55f28d1fb0f929e8919ac540086379ef435c74083d1006,032744e837e9a6ce8d2de75bc11e94107b8d708094dac86d0411613f41b5e33c,915,1,0.2985704745470109,0.2985704745470109,0,1,2,1,0,0,1,0.45,0.25,0.45,0.6490876071480403,0.4881976406826488,0.27128565454766584,3,club_event,ic,0
c76780af07e52a239ecfb91d65fb54d9810d99a172819b5da528e774e4e85c1e,scenario_018,35,3,1,confirmatory,club_event,high,1,3+,club_event|high,47acbd84facfbb8ebf03bf22eac2afe2cf1ebfceb9c37df666e4774afd174def,2795a6875884eaf5050a18148b3f3fc68cf4ca01e3d7c1662f2aa4701b35acce,1020,1,0.12107884652134945,0.12107884652134945,0,0,1,1,0,0,3,0.76,0.82,0.35,0.7832617374510166,0.673481052881256,0.3311369807343832,3,club_event,ic,0
865547b2a110ef2866d6e4df394c0cac2bd80389d97e996c5f54aa84870508ca,scenario_019,19,2,1,confirmatory,course_material,mid,1,2,course_material|mid,af8ea5a02c4a244c2965f54f58ec600ff02e0d8cc25f22e1abe1e6edbcbf0c19,cd122dfc5228d51e8c570ccadbf2923c9c2f48516a21bbc639ee31ac944b49e6,1066,1,0.0614264883286222,0.0614264883286222,0,0,1,0,0,1,2,0.58,0.55,0.4,0.5046931681213754,0.5455621384369089,0.5977818226950757,1,course_material,ic,0
a27c5b77c94d0d3277822bfa2b76ee75d855906774d3c287644092597d30bf30,scenario_020,27,1,1,confirmatory,club_event,low,1,1,club_event|low,c009ef5bc2e4038cd1a9c15e277f83e34ff9c93de785a30fc2a97192281678f6,fd3ba48e5cf1bee8e0d4c0e7791bd6e912ccc3027209df75a33a7b7859b5c7d4,1089,1,0.6775100649909331,0.6775100649909331,0,1,2,0,1,0,1,0.45,0.25,0.45,0.048266052121186176,0.7512640089320507,0.389109266474075,4,club_event,lt,0
a36fe31ea927ab73637e121ccb1da0ec24773e93f41662a9527100d33eb5b34e,scenario_021,48,5,1,confirmatory,policy_change,low,1,3+,policy_change|low,75c42daf52de4b828faf110556f785cbf7f2137315a4e6a8f266abf625088adf,054d930f6e151bbbb0c500fd7dbf94d2f05b5df03ee70f22d14c5671ee0566f3,1205,1,0.3457486888718235,0.3457486888718235,0,0,1,1,0,0,5,0.45,0.25,0.45,0.410157842028193,0.44333883852893446,0.3982222603068609,1,policy_change,cc,0
4ce981f31aae3da2845a3ac477ae5f2cf65121bf7e10b05ad6fc9835e536e734,scenario_022,18,3,1,confirmatory,policy_change,low,1,3+,policy_change|low,c4d3470b0acd62d867021230a9f706d9f1d96cc9315699b99bd4b544905c05f7,e61913e63fd1a52f2cebdaf4f77f166acf291425323dd0b64188b6275248a999,1236,1,0.5045403783933744,0.5045403783933744,0,0,1,0,0,1,3,0.45,0.25,0.45,0.42113223972780706,0.8687036361039592,0.2687218378448915,4,policy_change,cc,0
8e3156b0a5da716f7f442bc7e76986928278b34268701d3cc0f97038ecc4e708,scenario_023,22,3,2,confirmatory,policy_change,low,2,3+,policy_change|low,1a14618d1eb80c7dad7dc00700cd16869d6a39ffcb14a9dc6fae8217ebfc96a0,d01b266ed884b3b69c9f6ca5de65853e9b74359757ed058fc3b26dd601436fbf,1295,2,0.709175626940056,0.5078133103788244,0,0,2,1,1,0,3,0.45,0.25,0.45,0.2927194654795826,0.6053281244537614,0.6249724104304727,2,policy_change,ic,0
e2a65f4d6f0dde9ab647f3aa5b838472fc15e975af73d4ba7d9e2bf840dd038b,scenario_024,11,1,1,confirmatory,internship,mid,1,1,internship|mid,7510d667954d86fbd5f4a9b4d5415358099f5157abe1f848ff0846b19e0fd900,9f5fe31bbfc4743320a6895c760445b571de0ac346b473cfa6de5f333aa04498,1317,1,0.24442120878436513,0.24442120878436513,0,0,1,1,0,0,1,0.58,0.55,0.4,0.21827313768879694,0.6234114836169898,0.7277993631574969,1,internship,cc,0
b727e97eba4d831ff21bd0e1eb4118e422800ef673b7816d014a536cd1e8eff0,scenario_025,12,2,2,confirmatory,policy_change,low,2,2,policy_change|low,f924dad67c7327b5aef22227804ad1daa3cc62a5fdeb4cad3aa4ba78fac59a89,e36ee8550b65ff79d9173f993c795ca76ebc8336daec099f5e935fd7a7443ee6,1385,2,0.805364486793123,0.49938104837332,0,1,2,2,0,0,2,0.45,0.25,0.45,0.7862466862360113,0.9122810489345136,0.1870218467644138,2,policy_change,ic,0
f7dd284b2fe55ea771b170e02e5675ba1ddf9feed3fa7ae930c4ac0de64b4d84,scenario_028,25,4,1,confirmatory,internship,low,1,3+,internship|low,41a8a0c79e01446710456fa78df7a50dbc306c7ab0969fefdeea77f56c8683e0,17fed888931c517b470f1e93843c2a2aa9c7e981860b14a387fc3a6ad0919a88,1584,1,0.6429206574211378,0.6429206574211378,0,1,3,0,1,0,4,0.45,0.25,0.45,0.6345152534737459,0.42401017331159463,0.3027984624809651,2,internship,cc,0
47101d1ccac59fc5db98df8b0ac2004d959a1817987ff804687f4b2723c2a461,scenario_029,22,2,1,confirmatory,gossip,mid,2,2,gossip|mid,68dac7fc571fe349c897bb4703a6f7345e3e874aaf409b419f005e4c4fef1cf4,6fa3004e4c00d1f78936654fa784a1efda095b3b7e435592fc4ccc70b786b595,1617,2,0.9800558530695032,0.6258707502373859,1,0,1,0,2,0,2,0.58,0.55,0.4,0.465850590085203,0.3891753105477505,0.1772152535264308,2,gossip,ic,0
9e1a7cd806c70ebc383950837bddb300b0b0bb4ef4f525135628f04681e74d35,scenario_030,19,4,2,confirmatory,course_material,mid,2,3+,course_material|mid,342747ab33c1ee0dea2592a0e7e7540da03d55f877a3b32a1b7861280c25c394,c12833360c8fa8a88ee94d2f04bc729d8bfe80e815e2637836d323604bbf3ed7,1679,2,0.6691225228988593,0.3713698005495967,0,0,2,0,1,1,4,0.58,0.55,0.4,0.25385774402739003,0.31391252218462534,0.47711937353303063,1,course_material,ic,0
a861c1aa389b782b34d4bb521aa3b55b82df87521516994bffb37fc65b3241dd,scenario_031,47,5,2,confirmatory,gossip,mid,2,3+,gossip|mid,0ea3857cbb28e1aa57949b44f95a5c012264a736bef76e4d39b13542ee2c0365,dda3f132f1038920dc8edd23d5f79dc7812f0326042f4b752610bdc84e905923,1766,2,0.4729744178282888,0.33188604380891557,0,0,2,1,1,0,5,0.58,0.55,0.4,0.8216469252779138,0.6163517705863452,0.4781532202049071,4,gossip,cc,0
6e808b759819d669201675fa2cc944f7659b75ab1c6a6db495e283ef274d42e7,scenario_034,8,3,1,confirmatory,club_event,high,2,3+,club_event|high,cbdcd316b36778e97bf5197b4c9bf63719d0f4cbc3f2ad10bddaa6151d1f2c29,22f99e06a38b70587f0662b7e6eeea74325767e2d7bff16a6b328ae269b50e6f,1886,2,1.4116943154775299,0.9297609311235384,1,1,2,2,0,0,3,0.76,0.82,0.35,0.6754602965525562,0.659935352988134,0.5526630298993177,4,club_event,cc,0
59dbf1b0104bb2813dbe94967d1e27ddc3b964e6db044d5acf840e7768eb2bff,scenario_035,39,3,2,confirmatory,policy_change,high,2,3+,policy_change|high,befc4f839be4627b4daae8606323c3797167e3d8118132c8d36b9286093bb5de,7e833a9dab7b07b2487f9430799c844f7d6b09f4b7dd98e027a368ebf8ebfe1e,1993,2,0.8919472819481031,0.6203803470208562,2,0,3,1,1,0,3,0.76,0.82,0.35,0.21430290128182028,0.6676989252192486,0.2503888341964494,3,policy_change,ic,0
1441f78a479911c9d0ea00c463dfa7cfb30169c74ea0a4a89641a08fa36bfe36,scenario_037,22,2,1,confirmatory,gossip,low,1,2,gossip|low,02c54d9191f08179c981227360212430144f708f1486c889d4378c7f8a928fb4,8c987ed1a0f1ac23b5da74ce1fe74f4ae92779591a210ad8b90fcb57820e1da5,2099,1,0.1536533703172237,0.1536533703172237,0,0,1,0,0,1,2,0.45,0.25,0.45,0.46123249094982843,0.5597155430925042,0.6782767093285218,1,gossip,lt,0
5388094e38aa5e657d1b6702443015378624fc64bb19595c8f3cfda5c933499e,scenario_039,23,2,2,confirmatory,club_event,low,2,2,club_event|low,148f973c667137f792d49a5e48f191bf800ce4671b72912541c0e6f719018a6e,7ce1aae7d2cdd025a15debb1903552b20e8d79c37f79abb2393c111f71026605,2209,2,1.0643616390582062,0.5562651614593677,1,0,2,2,0,0,2,0.45,0.25,0.45,0.13839987788692512,0.5071111584490267,0.6141455845655167,2,club_event,cc,0
a146c642ab6b6bc55fcffab79181dec651944a853309eefdf8684752e67d2e30,scenario_040,4,1,1,confirmatory,policy_change,high,1,1,policy_change|high,e16a6a5c386d4b172997b8f0c0bb09b1dcd9286dc792cd7a5e127a09de1a1a94,b95d315f0bc03cb7ba583983695d2477c22b4cda90e3b824f596fc034198bb87,2221,1,0.6456728084292092,0.6456728084292092,0,0,1,0,0,1,1,0.76,0.82,0.35,0.49706193280746963,0.39720660056338314,0.09251196816892716,2,policy_change,cc,0
33266920dc1d7fed553d1a65f9f443e36ea9c702b69b42675f9551e9fd9e2bda,scenario_042,39,1,1,confirmatory,course_material,low,1,1,course_material|low,f017f2ef5ea97c6b4e51bb09923e7b9cebd4bc296a7abcd55dd8235186e8df43,662c2c36c8e19603e1dbc61e9632ff970ec46bca1642ec4bc502cf7e639a96e1,2304,1,0.5890763850411654,0.5890763850411654,0,1,1,0,1,0,1,0.45,0.25,0.45,0.8196839858957851,0.7710886209041982,0.26735766819356643,1,course_material,lt,0
bffc50738e6f37c16b8b0f6449d89cfb9900cef20ebc299577cd23fe7eede131,scenario_043,7,1,1,confirmatory,course_material,low,1,1,course_material|low,f1eb793d1689b15060d4cfee4d39781b12046c6bc0be2b17d366b5cdc6b444cb,6b2d9bb87f39ea1756ffc0da2fc08392d4d87cd64f261c10cc7010271e62e6d4,2319,1,0.22027521865481853,0.22027521865481853,0,0,1,1,0,0,1,0.45,0.25,0.45,0.7290477174622612,0.708366373461316,0.35056576148060214,3,course_material,ic,0
54eb673abbdba5aae41fb1c865e992d4b988db3b8d74bce01abc45e93864b4da,scenario_044,33,2,1,confirmatory,club_event,mid,1,2,club_event|mid,1755d1bb90a2ba37b5ff49b93773b05b64f55eb9fbab177bfb98dfca672f99e0,325465017a2f57ab982783aa82af4821c0631002f2c55d97951ce19e7cd7c9c4,2404,1,0.4430055677633467,0.4430055677633467,1,0,1,1,0,0,2,0.58,0.55,0.4,0.7518088660420507,0.4909538071838883,0.3492240581660798,2,club_event,ic,0
7375582aaeb5b35293a58b18da53fe72dc7bcab75c965f05d8f17bc7e22dbc30,scenario_045,22,3,1,confirmatory,internship,high,2,3+,internship|high,8b7ba0869f9249fc86440af8c3d9345b8d9f779b91f91a3192e6d787f77e426d,1ee76e5d1973871c32e7a71fedf203453b0cf8981b6579a0267b5e2d5ed926d0,2509,2,0.5825249269807145,0.3441433484442143,0,0,1,0,2,0,3,0.76,0.82,0.35,0.5675346519485004,0.1264395567371564,0.7533910156947814,2,internship,cc,0
fb95149f417339c76ae04ae044ec4bfc5a48c7288d15c11ec923d474b7cfadb8,scenario_046,39,1,1,confirmatory,club_event,high,1,1,club_event|high,e82b2d6cc967232deb43ca6163d83aed11d528f044cb70a652ce3c1629143dd8,80a0825889e02b7202f32c4731e607a3b30c3e654769140022c523afff41e27e,2555,1,0.28007375790845807,0.28007375790845807,0,1,1,0,1,0,1,0.76,0.82,0.35,0.6589195564323346,0.26273858050994653,0.4297499364931606,1,club_event,ic,0
3ebdd18bbd727ec54922bb7aa6b1e4f59c27769eaa2a5993cd732bfb4f8ce386,scenario_047,3,4,2,confirmatory,gossip,mid,2,3+,gossip|mid,d8cafee4973ea888043cb8020e58534b44aa1677a2762c4eb84080935cc965e2,e0c1e459ed370d60dc4f664c3f599c5ecde2f2b6ef2b944398be4afac56ebcf6,2626,2,1.2645514291816398,0.7970664088881472,1,1,2,1,1,0,4,0.58,0.55,0.4,0.4250900467337767,0.540913785892924,0.2795667963558131,1,gossip,ic,0
f7032d083797e721f038075bee890c6702e0bb16a7194dcfba51686f84a28f00,scenario_048,42,5,2,confirmatory,internship,mid,3+,3+,internship|mid,2c6ae09128a0cb3dedbdbbf5b701c3ac489bc2f87c21363a22590a6eee165190,a5d58d04e6233ab7bb3fe13a1bdb8576037cdf74c0633aefe570e8a6ea91ec31,2734,3,1.0395531040470032,0.48165415565562175,0,0,3,1,1,1,5,0.58,0.55,0.4,0.3115898204105272,0.24370631208542645,0.6407382874336573,3,internship,lt,0
1f40d216db723eb17b1b673f3ec636ccd874a9840f51eb98f39d7d972f267d37,scenario_050,49,5,1,confirmatory,internship,high,1,3+,internship|high,234629a2b3c1ad33833bdb15eed62f90f900d5d3ca86814181680ef78c849ec8,fbec274447978f391ef25292548413ae1e1afd5955e39e73f855b87521c1d257,2814,1,0.2949691018616535,0.2949691018616535,0,0,1,1,0,0,5,0.76,0.82,0.35,0.5802524590998518,0.39832177507936345,0.27515697566040076,4,internship,ic,0
68a0a130fb54eb831568cb0e097d42bda36fb21271e26db4cc2a391654afa2d5,scenario_051,23,3,1,confirmatory,internship,high,1,3+,internship|high,29e00b39cf14bdbe7fc824db1724a9f2a72a9110fe389df0c8473d92fc10381b,c82871057cbc4e918bef97432cec4ac7dcba5b12e681450c580d4992819ab6d0,2861,1,0.46556291616553,0.46556291616553,1,0,2,1,0,0,3,0.76,0.82,0.35,0.7228927518827094,0.6329932484032044,0.38601589399578207,1,internship,ic,0
c59df6f0440dd2c390e3ec3ef6f578302affc872fbc699bffc598a49c00a2c0e,scenario_053,27,5,2,confirmatory,gossip,high,2,3+,gossip|high,153c8ee9a6f85a7de9e9cdcdb405787d06b192bf52514932efe0d835e9eae1ae,928b081c6b1580e83670af94098c11113def1a56261ec5c061ff106da5bdf6f5,3028,2,0.3564701089336319,0.18808984079915758,0,0,2,1,1,0,5,0.76,0.82,0.35,0.4092045076755675,0.3379274013480385,0.8762862621613675,4,gossip,ic,0
a7f889457ecd370bc3580d867b506c614fde9ae92717defadfde900f0ec24866,scenario_055,3,1,1,confirmatory,course_material,low,2,1,course_material|low,9bd1484fb9f7a432445d334cb184a2a742a086814cc96d10311da378f22367d1,3f7da8ea42cef90e245ccecac4001392f17ee53d47369bd4c98a100af8dd9ede,3067,2,0.7739003896996032,0.4435894281455641,0,0,2,0,1,1,1,0.45,0.25,0.45,0.8417998971919384,0.5611019042477939,0.8351862179923559,4,course_material,cc,0
bec5876780b2a669814a8d1843b3a5a7bd8c14e0b629354c33177fadab6ce128,scenario_056,5,1,1,confirmatory,policy_change,high,1,1,policy_change|high,9847aa744883f2bd5d7c50fdecdccf92e0868550d2e451c33d85a6ff53865153,c6d6c92602e33597fa8912a96bad77db71b33bff11b273173117b34c40392f01,3121,1,0.1850141123500867,0.1850141123500867,0,0,1,1,0,0,1,0.76,0.82,0.35,0.8130964188479702,0.5465605493264066,0.8697906302661779,2,policy_change,cc,0
6b2b1ebf36b0951ff36490bfb1f5f3221268d8d723c146eff5ac9a63495cb165,scenario_058,3,1,1,confirmatory,internship,low,1,1,internship|low,62546e9e9dd9e5a7e47eca93816e8e430624b1730a43cec2ea023a309be5600b,377f2c97175a53d7db110de029b1a55c50db8d7fb8d9b7e25d901ae09a68fb08,3221,1,0.6305141558829597,0.6305141558829597,1,0,1,1,0,0,1,0.45,0.25,0.45,0.17490034906446802,0.7147910620985831,0.49439319294578393,2,internship,ic,0
6ceedf3d7b1801b2884ad4894f12a529834e07efbea48468b45e1c820dff39d5,scenario_059,3,1,1,confirmatory,internship,low,1,1,internship|low,c3426b2ddddce890f89fe2f5a8c1cf310c5320566b02fa4a32e743da8e756b84,df4c59bcb659e5022875c1b654a3829b116d4b2599cc2f6c0378f0f4fdca4a3b,3230,1,0.16467171824930632,0.16467171824930632,0,0,1,0,1,0,1,0.45,0.25,0.45,0.38738756386782874,0.14965814045010306,0.5847963683561268,4,internship,cc,0
0302e207598d3e1d07672d2d11d4002c84642fc6a56d87231cdd6851c94fc8cb,scenario_060,46,1,1,confirmatory,course_material,low,1,1,course_material|low,fe2ea39e822bb2dfb62afc7bd8b7fc12d7cd995b3d3e9b8de359c59456466005,3c7d38fc2cae72964a556d8e4dab14acb244c0b7a40feb5ccc3aab0097495d47,3262,1,0.6857329703862243,0.6857329703862243,1,1,1,1,0,0,1,0.45,0.25,0.45,0.30409431723203023,0.3361298324252406,0.38781606018343456,3,course_material,cc,0
457b949e920824e0f20343fedac9e264f8b7bf6aad5f772aef64a0c4f03c427c,scenario_061,29,3,2,confirmatory,gossip,high,2,3+,gossip|high,1ad45eed63add38d2e2dfad80a7fc75735d46dd2d51d8bfdfb6d6fce4310335f,4d2c6aa260958696090768d3cdf44ad839794525814b798f77c541689577262a,3323,2,1.0712120200190536,0.7093554862527005,1,0,3,1,1,0,3,0.76,0.82,0.35,0.10346132848040838,0.0903631008886685,0.37460617211618935,2,gossip,cc,0
7fd3ab548d6c23b58704144ec6cba97aed7ae44622d9d2189cdcdcc3b8c22714,scenario_062,47,2,2,confirmatory,policy_change,mid,3+,2,policy_change|mid,a44617aa6f99a2f5b182cd8a3130443eafda1b65322e2d5f4713e7546ac592c9,047fd431d883c6615a151042a0850cd9b01d1a3f892b8729a73d708382466fa6,3399,4,0.8901640736447447,0.2815926407047426,0,0,4,3,1,0,2,0.58,0.55,0.4,0.6178627973982169,0.3586448586641916,0.6046763948000969,4,policy_change,lt,0
75d493e9966e3ecc530f2f9966cebb54ef1cd436d1ca09b02c612d4f983070b6,scenario_065,4,2,1,confirmatory,gossip,low,1,2,gossip|low,7c5bd6e7051a318f8e162635e053faa7aa6497caa3672188530a4165d03e27fc,10de57cc185be8b333a1c6594646dfae4e4cb536aa2b476a84d7bdc293da540d,3531,1,0.5777500713098009,0.5777500713098009,0,0,1,1,0,0,2,0.45,0.25,0.45,0.8959447632608465,0.3251325734512328,0.5772073826159076,1,gossip,lt,0
d00521d7c038b0268cc822cfb73ff5847192d3464a177a4d4b6e55a2d6a3dc36,scenario_066,14,3,2,confirmatory,club_event,high,3+,3+,club_event|high,d6c7c8eaef9ba1c7e96e81c1c1509369e4568478c119e6bfe1990d62a511a097,62ccc781665ee255be0c38968077ddf17f10f80160d0b1b7ac3fcb6fc97f5dad,3613,3,0.9276101721119201,0.46935591195824816,0,2,2,0,2,1,3,0.76,0.82,0.35,0.8322450708530374,0.8223669100096331,0.3853832554462838,3,club_event,ic,0
64bd6fbf30ef8ef4bb2f863dddad474ba34be9e9ec5e0395160561867895b21d,scenario_068,2,2,1,confirmatory,gossip,mid,1,2,gossip|mid,f145c35d005d55ad7ea505f8f4d32420ae0f388920e5cd3916f8ce6e3f39bf1b,dfcb841cd157823d728b138128afc041b3ce2f852cf79681d5abaa5a4484ec05,3666,1,0.40094030167649963,0.40094030167649963,0,0,1,0,1,0,2,0.58,0.55,0.4,0.21198317569067793,0.237114689447768,0.40174680323744927,3,gossip,cc,0
dfd94f5b3b0f0d74e71ce3af166e2499283df8745123f23f90bde66221a4e27a,scenario_069,44,4,2,confirmatory,policy_change,mid,3+,3+,policy_change|mid,dfe41cbf5f6991ab530247fe2c6e5bd6dbf4949dbf6b1c1bb61886daf58ca5e3,bae90d8aa41b152c2656afc29d230519a23a1f50876ca3619c421fae4a0b17a1,3763,4,1.7168545630333394,0.7070424695867802,0,1,4,1,3,0,4,0.58,0.55,0.4,0.43907615488393575,0.244866141642583,0.21054521819061303,1,policy_change,cc,0
f843aeb56244be858fd15c017eb07f8c56f5fe4539cc76021e25b91df4d4a50c,scenario_071,24,5,2,confirmatory,course_material,high,3+,3+,course_material|high,b14b58265cefe7f7ee7dfdf55fc6fb5da8db4c64ac8397c636a34a50c3b21189,42f527a63d591453865a7570c1a047ac9ac5f71b94beb413dea97714edba0cbb,3894,3,1.250418384599667,0.6825890610543373,2,0,2,2,1,0,5,0.76,0.82,0.35,0.8620027523124477,0.7389530072520728,0.08540887367821869,2,course_material,ic,0
ccd334fe0b85bb61802edaf20c64ff9fd8cc09725bc85061f20f359acdd60489,scenario_072,19,3,2,confirmatory,internship,mid,3+,3+,internship|mid,fe0f4678b468c34525262a42c83bf5c5336cb5e842211aebb260f649bf819343,eea011d16a0872de5603530261663a25947c6a8a2c6a62379a12de7f82e714d8,3939,3,0.7453367599100311,0.3610532255669936,0,0,3,2,1,0,3,0.58,0.55,0.4,0.6068191987622277,0.7122755450727881,0.5902626036276043,3,internship,cc,0
d346313af1d66d2aef62f8948cbbc776b1db209ec102cd1d629c02e9025cf33e,scenario_073,48,3,2,confirmatory,course_material,mid,2,3+,course_material|mid,c24444bb8e7887af3140c56e4a432964fd448d7a8cf2e56e69d4d87fcdce1552,3460e7f63040b0e63c558c2216c47299cd7e8e88457b7f0b965bfdc414dc6eba,4032,2,0.9379755132604403,0.5562472602316413,0,1,2,0,2,0,3,0.58,0.55,0.4,0.42861476956515654,0.6990404031129266,0.6523965318530976,2,course_material,cc,0
5de4571fddd6b61af69083bfe0baf1cc03fbab4b417316e923b1968e6c18a40b,scenario_074,3,2,1,confirmatory,course_material,low,1,2,course_material|low,68d35ac69c0431d512f7a631e881fc54c74c20056493c31ad33f0aece8ecfa96,28ce8b71f0187c1a1a1d6d964f459516b4db1688dd9138fd9fb3e034ef11c087,4064,1,0.4104664084570369,0.4104664084570369,0,0,1,0,0,1,2,0.45,0.25,0.45,0.3142855311730955,0.8540647762083072,0.5634491152824266,2,course_material,lt,0
c445c1e2f62f0194b7ef08cecd3853fd02b38eb5ccef7d36b73a7c16ee40a3fd,scenario_075,39,1,1,confirmatory,policy_change,low,2,1,policy_change|low,0e5d9f5b38cb31511e98f39103a5afe30ffaa0031952e45ca4b1607bd0ceac01,297343ff186d752a808aec873b0c576f41da647f0c3fbe66b08cac6837ac8743,4095,2,0.8990384175576431,0.5271766173461297,1,0,3,1,0,1,1,0.45,0.25,0.45,0.5996713377338211,0.5902531170546296,0.8639176005893293,2,policy_change,lt,0
fdab67067815752f8da762ae3329118b49db33cd22300dd2077bce2e4ae9cdc0,scenario_076,43,1,1,confirmatory,gossip,high,1,1,gossip|high,0674c50d078daea22dafe557ac341b20c204ec45cffa5c574bbb9a5bedf3c4b3,f953ad5a6fd4f369abd360943cf757d005ab43031a7f53221b6971ec628acc6e,4155,1,0.20549808737534783,0.20549808737534783,1,0,1,0,0,1,1,0.76,0.82,0.35,0.0292002833069077,0.47148468698914026,0.4813703349478971,2,gossip,lt,0
243c822ceaca4a3a4bda4c94bc371e3cbd8a8a08bf3da28dfef419820b67d7fb,scenario_077,13,2,1,confirmatory,policy_change,low,1,2,policy_change|low,34d3c6c7e4af3413552a1f4e89ab995afe75d94da5f5352035abe8fad64e576c,d184bed6ab6bbced3eaf3950e864b6e003016bf9b7114d8bdc753c8dcef4d8fd,4192,1,0.36709366682488137,0.36709366682488137,0,0,1,0,1,0,2,0.45,0.25,0.45,0.4546071314880117,0.5004945307514278,0.7089358670525835,2,policy_change,ic,0
29408a24ab2b0a72a2c3331167c43cbea01fc6e9797450da9b1e4db86bbb40e4,scenario_078,39,4,2,confirmatory,policy_change,high,3+,3+,policy_change|high,0aa6dd6ad995b10b0a113e9ff484be57154d22514f26678f7f3cd0fe39f745cf,5d7913b828f77a8a6796375892d99a05605fd081ff341f4ca928dec02487db86,4302,3,1.5447315545554448,0.9256726067252506,1,2,3,1,1,1,4,0.76,0.82,0.35,0.12225383494390273,0.3532696742986319,0.17114230639253752,2,policy_change,cc,0
337d865a5e1b337421d997cf21567e3b8a45ebeb94e432b205b18fbf3be918d9,scenario_079,33,2,1,confirmatory,course_material,low,1,2,course_material|low,196f4b6e255abb04ce03371d3e7e5aa564d3e4edbfaddb35421a05e218dbe252,738f961dd32727ae80d64710ca923577152697e4f1a0e1a7b60a842fecddafab,4339,1,0.5043447362772843,0.5043447362772843,0,1,1,0,1,0,2,0.45,0.25,0.45,0.3243313099782144,0.8292097970634554,0.26421408444085825,1,course_material,cc,0
17503effa42449b8701089ab994dba21fa0c8233c1d6c332ac103ce9244ea2e9,scenario_001,39,1,1,pilot,internship,low,1,1,internship|low,6a48cd66b23a5cb66e891b233ae0133ea8553a6fc075b1c115fd17ed00875257,194d7e7553e421b5fc90f4ca0c687a6fab0f69c6325eb865ba29972143825f9d,84,1,0.8207579900512321,0.8207579900512321,1,1,2,0,0,1,1,0.45,0.25,0.45,0.1425665083471445,0.7253487445380616,0.499732137557455,4,internship,ic,0
cb7e5c004e9fde721bbae56fa2874e33f104181415143b4319e24b767c1824f4,scenario_011,21,2,2,pilot,gossip,high,2,2,gossip|high,1398d62f4ae8da04c4c4a3f2eca431be85f2928150fd9e49c08ef5cacadbc186,7afb808c14e58ac62c01a0d9cdd44aa8d9451d61a10480904e8a70484827e238,580,2,1.0384080005084804,0.6902516198940121,0,0,2,2,0,0,2,0.76,0.82,0.35,0.024800910091630917,0.8133596145986186,0.5376432049990925,4,gossip,ic,0
838d44cbb2f0b2fca6dd8b2a9278a288771ad5167b60fc4c652002b5b0c93bc1,scenario_016,29,3,1,pilot,club_event,mid,1,3+,club_event|mid,85261515d92ebebf38ad3a0884e26465a223f6c1452cbc1f4ae28459f2311287,2a91b732d7abddc9440e12c91528b2e6c0ef393e4efe9874bfe875b06c670e64,897,1,0.5509966420313105,0.5509966420313105,0,1,2,1,0,0,3,0.58,0.55,0.4,0.9287760173847657,0.5951125171252487,0.4489383597308152,1,club_event,lt,0
c6b548f65afc25510b945d66bc5007895a5bf1290bdd5e43cdb0f66f666828b1,scenario_026,48,4,1,pilot,course_material,mid,1,3+,course_material|mid,b16121a57f44e90f38920ac527768256c969c754e6d207465c4a588340f82e22,ff61a6373819748282cbea4ee588fa49a94ae72aa28432568c496e2bbbb4a22e,1516,1,0.41269691782784235,0.41269691782784235,1,0,1,1,0,0,4,0.58,0.55,0.4,0.1360848114897384,0.3875834929279328,0.5268274613440647,4,course_material,cc,0
7b373585b8312ff312855f4f76f3eb482123a0ea9d1ae40f783c0b66575a8362,scenario_033,34,3,2,pilot,policy_change,mid,3+,3+,policy_change|mid,4b235110069f6d26c944ed2852af96e321e72eadf05cff132b9c6f3c1292151a,d58e4a761a6bc5c23b771ca57c8188a6fe847d2188a54506ebac33f275cc076c,1842,4,2.3215181457343714,0.7030395200423186,2,1,3,2,0,2,3,0.58,0.55,0.4,0.615582324220242,0.44416921147710897,0.3720879883093595,4,policy_change,lt,0
d68121eb99ada6407587f790305a830691e8f17819f681afc943f83d3d6105b6,scenario_036,13,5,1,pilot,policy_change,high,1,3+,policy_change|high,6ca6e77b219853754ebeae1615cde1f5115a5a10455f9daced2537bcd28b5b61,26e0d07c4f77be9f8696963af3eae3973e9f2a0df5502e7976f87b67906a9cd9,2063,1,0.6060866881788568,0.6060866881788568,1,1,1,0,1,0,5,0.76,0.82,0.35,0.5857608623100568,0.2989490525628784,0.13991915423342827,4,policy_change,ic,0
71b8a2399a8eddf79f6e7353ceb15f2cceb124272a346d596aa441eade08e98b,scenario_038,22,2,1,pilot,gossip,mid,2,2,gossip|mid,58186c4c931e604427d0adf956f7d0e9f045ffcfd24d817c8e88ef9760b7d765,0cffca11295da144bf4f8607f61a7ab6c5bf26e8e1301331d4e1ab203c4af3dd,2145,2,0.5810702304306188,0.4516451981490987,0,0,1,1,1,0,2,0.58,0.55,0.4,0.3793170092638623,0.9088230999945355,0.35046113307822413,2,gossip,ic,0
2c578dfced6b96cb07ea92a97d4ba1251e2e89f217f491c3575d45ec1e2f8fa8,scenario_041,29,1,1,pilot,internship,low,1,1,internship|low,57311508af26057ac4b47d2f3b251e39d3078025bcbbe469727a20e3078d6f6e,35db377e3ceb607050ae92d9217b4c99eaeb7f7e7140c4be8eec91a4197954f7,2290,1,0.6902516198940121,0.6902516198940121,0,0,2,0,1,0,1,0.45,0.25,0.45,0.21119012360388942,0.8925714696371093,0.39980585849479366,4,internship,cc,0
b0d5d247aa7ce29e39a9a823491484b9faf44f9625233f5d8d43b190d0fca157,scenario_052,34,2,1,pilot,course_material,mid,1,2,course_material|mid,f8f5f55d5d4d5d997f5b896acb1f1d2c48811e7a980e3fec6fb1665fd36574da,82282e3e0fdd7b147297ac42d026e51161ae7e02534271cebd17319f287994a6,2922,1,0.1622329600642924,0.1622329600642924,0,0,1,1,0,0,2,0.58,0.55,0.4,0.31668254171135085,0.435771319465987,0.42249935775735187,2,course_material,ic,0
f81402aede5d029b14778483a189d5328f0a3c8205e64a7f20547c06868f9dfc,scenario_054,45,3,2,pilot,club_event,mid,2,3+,club_event|mid,eb377d0664db635b4f91a2b8fa7ba02e926670283cef4de0674279a89b4c12ab,8574a389728dbb44a861dc14e4434309280a991fc044d39e47b73c235cf06d48,3064,2,1.0005409114163137,0.7474804528307158,0,0,1,1,1,0,3,0.58,0.55,0.4,0.24734215690263525,0.5354638899850117,0.6959767735749247,2,club_event,ic,0
b036a091ec319c08384a2d8986ffe8bb3219294e77b450a94b00451a0433fc41,scenario_005,12,1,1,reserve,club_event,low,2,1,club_event|low,ae4775ac5a2569960415f70c9c198f85321d62c5703ca77a3c9f0a2bb2cc8e36,c0f1eb8279de286d1528d9e0f404fb51978cbfbd107cc0e29f3f69f3a4b7d551,264,2,0.8845673162298455,0.5932593088768576,1,0,2,1,1,0,1,0.45,0.25,0.45,0.35011660255847904,0.4020177901040581,0.5252338816662142,4,club_event,ic,0
a431e4c019c1a61f80070dd0a62ecdae8ac156fcf4ba89e8f4696ded8816b2c1,scenario_013,18,2,2,reserve,internship,high,2,2,internship|high,764145fe90261a2c199ee66c79630ba95ac6cc3f207e2f3b8d626c921f10e4cd,8d735a000bf082e44259cf3a65a915d3d42c39721d890daf7bd04776f3334156,685,2,1.213384784292812,0.6299411432971427,0,1,2,1,0,1,2,0.76,0.82,0.35,0.3846354620332066,0.24618331154301978,0.8152096735586045,3,internship,lt,0
657e0a6b827c039e5fef04f88b5f096d7ff998585193731772fb04ab0ed58ac6,scenario_027,4,3,1,reserve,course_material,high,1,3+,course_material|high,188a89b1d835a7d19537145bbbe1f0c5fce34108e5ee85d6c24d639c8fef5fe1,fe3b26710ab30e3772ceec2f0172de32db92d4741935720dabb203f09950813b,1543,1,0.8057993758003291,0.8057993758003291,1,1,2,1,0,0,3,0.76,0.82,0.35,0.8414859273047042,0.31174385745566296,0.08217740522033722,1,course_material,ic,0
35c4e5232b88c1a2450c0cfa98e3aa8e38b61997dd9f65c33406f309c3f19981,scenario_032,8,1,1,reserve,internship,low,1,1,internship|low,9bb6d69f802a38615f754e8dac7c748590d6d1e70b4381a02ba5144f742f771e,85e13e2911b11e142dd242be42de63e745821444b0c088d24f10642b69453c7b,1768,1,0.41480132995459235,0.41480132995459235,1,0,2,0,0,1,1,0.45,0.25,0.45,0.8016739323530198,0.4167704841486095,0.5378943696740861,3,internship,lt,0
dbedf45cffc69f57c797a281370b61caee0faa069916e31b4f6efd8baf7479d2,scenario_049,4,1,1,reserve,gossip,low,1,1,gossip|low,54953c930770353d0103be3d673978f0edac9bd1d5caf6191de259d7b88d8b5a,3f8f05be18fe4542126ac742e22d1eb23d3d7651fad03c300a2b4e29bf30e85d,2739,1,0.6400888321618629,0.6400888321618629,0,0,1,0,0,1,1,0.45,0.25,0.45,0.4132742187795635,0.40237099405556015,0.27365399550557423,2,gossip,lt,0
770a43ed7cf937a110cc276842526c40f3c37b225aa20a1eeaa55e5e7f0fa098,scenario_057,12,1,1,reserve,policy_change,high,1,1,policy_change|high,e4f582e7c9b3fd78bf16d1ebf4b830ecaff65f66e15337007e13ded21fa9b548,3215dceb33cc036c28b5b3323141c6e0ffc29b85abb85845914d0749c44441fd,3212,1,0.7350396049552141,0.7350396049552141,0,1,1,0,1,0,1,0.76,0.82,0.35,0.3856135908806135,0.5921004521150874,0.2540601281522713,3,policy_change,ic,0
1a9ecab310df2de34941217bfd7b93798fbc72a29744bafc5e49dcd2d1ee72da,scenario_063,3,1,1,reserve,course_material,low,1,1,course_material|low,625c152400e79bae5483d9ad71b75f5828c422884d5dacfea21c6d098cd2afb0,65405e9f92ac620891c8efc6e30f5e7fd14965c56ffbf062cb7adb7c184308e1,3432,1,0.49023018758909487,0.49023018758909487,0,0,1,0,1,0,1,0.45,0.25,0.45,0.5048916681637385,0.7459760080330761,0.465320958327684,2,course_material,lt,0
d45423c9ca27f362ae40136022f0eab59a3d0e43c580d9fb529ddd72ca24295c,scenario_064,42,4,2,reserve,policy_change,high,2,3+,policy_change|high,ed3ec6f8bca7b5d22ca27e15fb67f5fd9699b7c6b945153b12795cec0a66c3e2,a2cd82c523157d25535b8241901343f7281ae710124f11c71887b0d94ec53417,3516,2,0.599155125692181,0.3447179416650281,0,0,2,0,0,2,4,0.76,0.82,0.35,0.5152698686383815,0.6180342895150389,0.6708524326417323,2,policy_change,lt,0
f457122babaffdb50bcb22bf5e6123ae46845323e078a1c4e7e2720fa9c4cbd6,scenario_067,38,1,1,reserve,club_event,high,1,1,club_event|high,74ccb9123988096279e0197af577cfb3f087820306f03b7afda5e8db1a7648c3,2de77bd21dad136cdc5fb221d171754d57b508b061dea2cf328fe694f046e3da,3647,1,0.4372764282870554,0.4372764282870554,1,0,1,1,0,0,1,0.76,0.82,0.35,0.0857924892679865,0.36886691326030596,0.8307612022277502,1,club_event,ic,0
12c3a78ec2bcf007c3aa06b18914e6e23e7eaff0ec275d33341588c1a9bab553,scenario_070,31,1,1,reserve,gossip,low,1,1,gossip|low,a8238425766ba901da77bc3e060d03076311cb997858e27129c332d1f6564b45,6ce34470fd4258f5ec173be58834d813a7fb98e6e7100a266e3b45008debb9b3,3791,1,0.18752738296664548,0.18752738296664548,0,0,1,0,1,0,1,0.45,0.25,0.45,0.6280437615075833,0.490443853037423,0.5143301651510255,4,gossip,ic,0
